#{"t_start": 1599860100.4057717, "env_id": "Reacher2Dof-v0"}
r,l,t
-28.228354,150,1.450322
-8.724853,150,1.7768
3.179998,150,2.098387
-10.63465,150,2.429136
-17.263675,150,2.756134
7.739938,150,3.106349
-15.335103,150,3.433343
