#{"t_start": 1599860100.4067247, "env_id": "Reacher2Dof-v0"}
r,l,t
-13.39988,150,1.449733
1.804189,150,1.776271
-17.494991,150,2.097803
-16.920474,150,2.428665
-28.992916,150,2.75556
-19.464957,150,3.105872
-14.646509,150,3.432788
