#{"t_start": 1599860203.982628, "env_id": "Reacher2Dof-v0"}
r,l,t
-7.201705,150,1.326159
-8.424009,150,1.655486
-8.599063,150,1.982328
-12.051287,150,2.31133
-13.687558,150,2.635014
-6.515009,150,2.979189
-7.65544,150,3.313899
