#{"t_start": 1599909266.5161934, "env_id": "Reacher2Dof-v0"}
r,l,t
10.270726,150,1.270387
-24.566733,150,1.597073
-10.665872,150,1.928884
-2.384533,150,2.258286
-17.071288,150,2.59049
-24.565006,150,2.943184
-9.119913,150,3.27716
