#{"t_start": 1599860203.9846973, "env_id": "Reacher2Dof-v0"}
r,l,t
-31.487127,150,1.324913
7.706299,150,1.654235
-5.781727,150,1.981095
3.767292,150,2.310059
-13.387428,150,2.633747
-16.60981,150,2.978017
-21.993269,150,3.312704
