#{"t_start": 1599909266.5182917, "env_id": "Reacher2Dof-v0"}
r,l,t
-44.775884,150,1.269115
3.611659,150,1.595834
-4.339391,150,1.927618
2.231319,150,2.256992
-11.387778,150,2.589195
-20.991544,150,2.941971
-23.050995,150,3.275942
