#{"t_start": 1599909266.519301, "env_id": "Reacher2Dof-v0"}
r,l,t
-21.778424,150,1.268498
-46.110464,150,1.595319
4.126448,150,1.927208
-17.13905,150,2.256365
-19.512395,150,2.588572
-7.430242,150,2.94135
-15.81443,150,3.275324
