#{"t_start": 1599860203.985689, "env_id": "Reacher2Dof-v0"}
r,l,t
-14.015912,150,1.324309
-18.498447,150,1.653677
-15.705998,150,1.980707
0.609011,150,2.309441
-9.147735,150,2.633129
8.271167,150,2.977412
-9.242248,150,3.312099
