#{"t_start": 1599909266.520376, "env_id": "Reacher2Dof-v0"}
r,l,t
-17.457379,150,1.267815
-25.6497,150,1.594661
8.66433,150,1.92652
-26.970387,150,2.255663
-16.322433,150,2.587873
-29.08925,150,2.940661
-14.396673,150,3.274639
