#{"t_start": 1599860203.9866717, "env_id": "Reacher2Dof-v0"}
r,l,t
2.716922,150,1.32371
-38.072981,150,1.653076
-5.98908,150,1.980116
-28.955854,150,2.308835
-0.336745,150,2.632523
-15.225084,150,2.976812
-23.004155,150,3.311501
