#{"t_start": 1599909266.5224507, "env_id": "Reacher2Dof-v0"}
r,l,t
-28.920838,150,1.26651
-1.311396,150,1.593456
-13.355951,150,1.925243
-12.974724,150,2.254435
-23.831819,150,2.58655
-33.971012,150,2.939467
-11.674171,150,3.27335
