#{"t_start": 1599860203.9896555, "env_id": "Reacher2Dof-v0"}
r,l,t
0.787206,150,1.321882
7.967648,150,1.651298
-0.223214,150,1.97837
-15.131927,150,2.307088
-14.136615,150,2.630676
2.849068,150,2.97515
-18.906317,150,3.309671
