#{"t_start": 1599909266.523445, "env_id": "Reacher2Dof-v0"}
r,l,t
-15.32955,150,1.265899
-14.199582,150,1.592878
-12.522066,150,1.924707
-23.350029,150,2.253813
-13.032049,150,2.585945
-12.992107,150,2.938859
-16.331465,150,3.272744
