#{"t_start": 1599909167.1366594, "env_id": "Reacher2Dof-v0"}
r,l,t
-28.193618,150,1.213527
-11.907441,150,1.541778
0.845505,150,1.899539
-4.891737,150,2.252778
-5.110772,150,2.590626
-11.387145,150,2.935578
-5.55109,150,3.274481
