#{"t_start": 1599860100.3999019, "env_id": "Reacher2Dof-v0"}
r,l,t
-16.36321,150,1.453944
-9.141086,150,1.780231
-3.20671,150,2.101755
-3.391299,150,2.432646
-7.715115,150,2.75967
-3.862352,150,3.109849
-4.428536,150,3.436826
