#{"t_start": 1599909167.1376872, "env_id": "Reacher2Dof-v0"}
r,l,t
-27.481288,150,1.212912
-21.791941,150,1.541235
-40.46323,150,1.898951
-16.328311,150,2.252224
-13.099308,150,2.590041
-8.82751,150,2.934968
-1.700734,150,3.273882
