#{"t_start": 1599860100.4018877, "env_id": "Reacher2Dof-v0"}
r,l,t
-18.806263,150,1.452741
-23.242339,150,1.779116
-45.859564,150,2.100561
2.808754,150,2.431515
-31.500006,150,2.758505
-20.830556,150,3.10868
-9.42928,150,3.435711
