#{"t_start": 1599909167.1386566, "env_id": "Reacher2Dof-v0"}
r,l,t
3.209592,150,1.212315
-20.470638,150,1.540656
-27.970366,150,1.89838
-16.278378,150,2.251634
-24.489158,150,2.589717
-30.367703,150,2.934385
-17.326331,150,3.273354
