#{"t_start": 1599909167.1398084, "env_id": "Reacher2Dof-v0"}
r,l,t
-32.80009,150,1.211532
22.422862,150,1.539902
-58.808237,150,1.897622
-1.196559,150,2.250861
-1.482589,150,2.588953
-12.609063,150,2.933671
-26.73275,150,3.272587
