#{"t_start": 1599860100.402848, "env_id": "Reacher2Dof-v0"}
r,l,t
-47.427843,150,1.452145
8.297429,150,1.778526
5.630242,150,2.099973
2.288897,150,2.430932
-12.26467,150,2.75792
-18.239852,150,3.10815
-23.901605,150,3.435133
