#{"t_start": 1599909167.1407819, "env_id": "Reacher2Dof-v0"}
r,l,t
-14.20184,150,1.210934
-31.923604,150,1.539372
-25.802239,150,1.897252
-15.735444,150,2.250261
-19.756927,150,2.588362
-0.814651,150,2.933077
-12.05742,150,3.271995
