#{"t_start": 1599860100.404769, "env_id": "Reacher2Dof-v0"}
r,l,t
-0.839768,150,1.450955
-35.464307,150,1.777426
-2.642551,150,2.099009
-29.810284,150,2.429762
5.352441,150,2.756759
-17.024715,150,3.106973
-11.998343,150,3.433971
