#{"t_start": 1599909167.141732, "env_id": "Reacher2Dof-v0"}
r,l,t
-0.626592,150,1.210351
-28.252096,150,1.538806
-5.535112,150,1.896691
-35.351551,150,2.249687
0.394768,150,2.58779
-19.636074,150,2.932505
-9.071486,150,3.271427
