#{"t_start": 1599909167.1426942, "env_id": "Reacher2Dof-v0"}
r,l,t
-26.4667,150,1.209756
-12.414547,150,1.53823
-19.177909,150,1.896121
-12.983259,150,2.249109
-28.12685,150,2.587204
-0.783222,150,2.931921
-18.170389,150,3.27084
