#{"t_start": 1599909167.1436698, "env_id": "Reacher2Dof-v0"}
r,l,t
-21.876207,150,1.209147
-3.682842,150,1.537705
-14.322658,150,1.895538
-18.625465,150,2.248613
-3.687114,150,2.586607
-33.246823,150,2.931425
-13.788356,150,3.270245
