#{"t_start": 1599860037.9754422, "env_id": "Reacher2Dof-v0"}
r,l,t
-17.230247,150,1.271433
-33.490894,150,1.633445
-34.815875,150,2.033019
-13.860307,150,2.398652
-41.101363,150,2.747869
-13.535038,150,3.099048
-7.943177,150,3.517937
-5.845372,150,3.861067
