#{"t_start": 1599860037.9803402, "env_id": "Reacher2Dof-v0"}
r,l,t
-10.488075,150,1.26897
-7.773814,150,1.630573
-28.539278,150,2.031747
-18.334888,150,2.395787
-12.408143,150,2.744854
-30.458846,150,3.096208
-61.977573,150,3.514921
-35.59386,150,3.858101
