#{"t_start": 1599860037.9813206, "env_id": "Reacher2Dof-v0"}
r,l,t
-22.065375,150,1.268383
12.905683,150,1.629971
-25.601952,150,2.031465
-19.194166,150,2.395196
-8.363013,150,2.744246
-12.324886,150,3.095603
-12.406909,150,3.514316
-21.511375,150,3.857497
