#{"t_start": 1599860170.9259334, "env_id": "Reacher2Dof-v0"}
r,l,t
-23.225123,150,2.662695
-17.96815,150,2.990458
-24.716521,150,3.327121
-35.852531,150,3.664917
-14.546937,150,4.002012
-8.916331,150,4.334941
-19.356654,150,4.666642
-4.187342,150,4.993283
