#{"t_start": 1599860170.930843, "env_id": "Reacher2Dof-v0"}
r,l,t
-29.601334,150,2.659642
-25.801946,150,2.987462
-3.366826,150,3.324258
-0.179213,150,3.661917
-18.650231,150,3.998966
-2.409237,150,4.331957
-16.129745,150,4.66363
-12.274769,150,4.990248
