#{"t_start": 1599860170.9327586, "env_id": "Reacher2Dof-v0"}
r,l,t
-17.025751,150,2.658448
-2.601237,150,2.986321
-2.567807,150,3.323118
-20.766404,150,3.660843
-14.612881,150,3.997773
6.074499,150,4.330859
-9.315471,150,4.662437
-24.632226,150,4.989034
