mean_walltime,std_walltime
33.6034471988678,11.183664321899414
