#{"t_start": 1599909139.55387, "env_id": "Reacher2Dof-v0"}
r,l,t
-13.372717,150,2.750914
-1.8605,150,3.0935
-12.914303,150,3.445463
-6.831145,150,3.792515
-31.063596,150,4.144255
-7.842596,150,4.489076
-10.742945,150,4.840031
-7.087039,150,5.216757
