#{"t_start": 1599909139.5549152, "env_id": "Reacher2Dof-v0"}
r,l,t
-16.679461,150,2.750288
-13.095367,150,3.092939
-31.35827,150,3.444846
-22.486902,150,3.791938
-28.079224,150,4.143622
-20.833758,150,4.488448
-3.986109,150,4.8394
-15.510555,150,5.216153
