#{"t_start": 1599860073.630382, "env_id": "Reacher2Dof-v0"}
r,l,t
-17.688645,150,2.662526
-24.08757,150,2.986032
-34.357979,150,3.323169
1.706326,150,3.654779
-25.746795,150,3.990382
-39.825343,150,4.3223
-9.13193,150,4.660522
-12.921771,150,4.984061
