#{"t_start": 1599909139.555976, "env_id": "Reacher2Dof-v0"}
r,l,t
-7.460402,150,2.749615
-26.586923,150,3.09226
-30.387162,150,3.444168
-0.367114,150,3.791256
-25.7649,150,4.142937
-18.852752,150,4.487769
-11.754637,150,4.838764
-4.370525,150,5.215647
