#{"t_start": 1599909139.5569768, "env_id": "Reacher2Dof-v0"}
r,l,t
-21.675818,150,2.748997
-0.850961,150,3.091642
-20.583906,150,3.443545
2.554168,150,3.790639
-12.394807,150,4.142308
-14.65299,150,4.487194
-25.30428,150,4.838134
-8.940364,150,5.215108
