#{"t_start": 1599909139.55802, "env_id": "Reacher2Dof-v0"}
r,l,t
-8.901155,150,2.748335
-22.230907,150,3.09103
-17.13038,150,3.443085
-17.027345,150,3.789971
-20.301863,150,4.141641
-25.350205,150,4.48652
-14.200154,150,4.837461
-27.024588,150,5.214462
