#{"t_start": 1599909139.5589955, "env_id": "Reacher2Dof-v0"}
r,l,t
-0.811129,150,2.747739
-43.194699,150,3.090432
-4.156992,150,3.442487
-38.94443,150,3.789367
2.618065,150,4.141034
-15.632279,150,4.485918
-13.679605,150,4.836868
-30.458785,150,5.213899
