#{"t_start": 1599860073.6332722, "env_id": "Reacher2Dof-v0"}
r,l,t
-5.30475,150,2.660731
-31.76675,150,2.984285
-2.474105,150,3.321557
-19.844673,150,3.653
3.877151,150,3.988577
-16.495061,150,4.320572
-11.797622,150,4.658718
-14.530738,150,4.98228
