#{"t_start": 1599860073.6342351, "env_id": "Reacher2Dof-v0"}
r,l,t
-15.814921,150,2.660129
-23.596448,150,2.983683
-7.72962,150,3.320956
-16.091304,150,3.652437
-14.852463,150,3.987974
-11.134018,150,4.319969
-26.283009,150,4.658112
-3.625189,150,4.981667
