#{"t_start": 1599909139.5600228, "env_id": "Reacher2Dof-v0"}
r,l,t
-21.073816,150,2.747088
-20.77749,150,3.089782
7.297576,150,3.441836
-32.340255,150,3.788713
-25.051704,150,4.140376
-11.486483,150,4.485257
-21.528087,150,4.836212
-9.975392,150,5.2133
