#{"t_start": 1599860067.0943184, "env_id": "Reacher2Dof-v0"}
r,l,t
-6.434444,150,1.193675
-11.989829,150,1.538563
-11.213676,150,1.883949
-14.3198,150,2.22089
-10.312349,150,2.605459
-12.135311,150,2.943266
-21.633532,150,3.277251
-15.001782,150,3.612424
