#{"t_start": 1599860073.6284103, "env_id": "Reacher2Dof-v0"}
r,l,t
-17.786985,150,2.663658
-5.173141,150,2.987175
-8.432163,150,3.324373
-1.834067,150,3.655884
-18.055784,150,3.991581
-7.489485,150,4.323493
-7.85039,150,4.661442
-12.126253,150,4.985271
