#{"t_start": 1599860073.629427, "env_id": "Reacher2Dof-v0"}
r,l,t
-18.627553,150,2.663117
-8.323222,150,2.98662
-33.160963,150,3.323757
-18.40132,150,3.655334
-20.794515,150,3.99097
-20.185599,150,4.322888
-14.177711,150,4.660837
-9.946487,150,4.984649
