#{"t_start": 1599860073.6323237, "env_id": "Reacher2Dof-v0"}
r,l,t
-36.519693,150,2.661319
-19.613914,150,2.984872
-9.73959,150,3.322143
-8.036686,150,3.653568
-22.081976,150,3.989167
-21.337168,150,4.321156
-14.225124,150,4.659302
-19.850967,150,4.982874
