#{"t_start": 1599860073.6352296, "env_id": "Reacher2Dof-v0"}
r,l,t
-29.545061,150,2.659492
-3.672565,150,2.983105
-10.235483,150,3.320323
-7.01152,150,3.651909
-15.331094,150,3.987337
-21.822184,150,4.319438
-18.32656,150,4.657473
-10.439651,150,4.981028
