#{"t_start": 1599860067.0886514, "env_id": "Reacher2Dof-v0"}
r,l,t
0.403428,150,1.196967
-10.565622,150,1.541882
-22.934413,150,1.887152
-11.191889,150,2.224169
-16.914476,150,2.608932
-17.239544,150,2.946512
-6.978493,150,3.280672
-6.712752,150,3.615869
