#{"t_start": 1599860067.089594, "env_id": "Reacher2Dof-v0"}
r,l,t
2.033853,150,1.196432
-22.822057,150,1.541322
-31.276374,150,1.886604
2.195365,150,2.223614
-29.43439,150,2.608358
-24.373562,150,2.945949
1.588899,150,3.28015
0.886443,150,3.615292
