#{"t_start": 1599860067.0905447, "env_id": "Reacher2Dof-v0"}
r,l,t
-10.485656,150,1.195874
-19.114576,150,1.540743
-3.240501,150,1.886028
0.64274,150,2.223044
-12.786157,150,2.607771
1.627202,150,2.94543
-21.411384,150,3.279567
-20.518763,150,3.614754
