#{"t_start": 1599860067.092432, "env_id": "Reacher2Dof-v0"}
r,l,t
-1.785841,150,1.194767
-26.997403,150,1.539654
1.901763,150,1.885092
-39.416425,150,2.221916
3.500631,150,2.606616
-20.580506,150,2.944307
-12.769694,150,3.278409
-26.661945,150,3.613592
