#{"t_start": 1599860067.0933757, "env_id": "Reacher2Dof-v0"}
r,l,t
-20.945679,150,1.19422
-49.19459,150,1.539082
-2.386136,150,1.88452
-10.890963,150,2.221351
-21.214326,150,2.606035
11.286603,150,2.943737
-23.842818,150,3.277831
-7.739977,150,3.613007
