#{"t_start": 1599909132.8824987, "env_id": "Reacher2Dof-v0"}
r,l,t
-34.225279,150,1.150181
-6.895143,150,1.52925
-3.834001,150,1.885074
-1.008779,150,2.255861
-26.123215,150,2.602017
-26.062506,150,2.941808
-6.711798,150,3.29782
-18.374093,150,3.658756
