#{"t_start": 1599909132.8835657, "env_id": "Reacher2Dof-v0"}
r,l,t
3.760692,150,1.149553
-8.383208,150,1.528717
-23.090542,150,1.88454
-13.152654,150,2.255307
-28.949816,150,2.601377
-17.200298,150,2.941208
-8.072588,150,3.297171
-5.068693,150,3.658217
