#{"t_start": 1599909132.8846083, "env_id": "Reacher2Dof-v0"}
r,l,t
-10.146383,150,1.148937
-19.450152,150,1.528063
-27.856271,150,1.883991
-11.119867,150,2.254674
-27.951175,150,2.600711
-21.01276,150,2.940586
-37.434863,150,3.296574
-9.128171,150,3.657655
