#{"t_start": 1599860031.0326767, "env_id": "Reacher2Dof-v0"}
r,l,t
-8.26143,150,1.422224
-22.656742,150,1.790688
-28.9663,150,2.151886
3.198367,150,2.501991
-13.773858,150,2.857293
-32.173741,150,3.217535
-34.046545,150,3.573321
-1.212042,150,3.91986
