#{"t_start": 1599860031.0336363, "env_id": "Reacher2Dof-v0"}
r,l,t
-26.737906,150,1.421704
4.450473,150,1.790114
-12.163246,150,2.151308
-3.320489,150,2.501413
-6.463486,150,2.856709
-21.542128,150,3.217018
-30.140936,150,3.572743
4.659173,150,3.919333
