#{"t_start": 1599909132.8856041, "env_id": "Reacher2Dof-v0"}
r,l,t
-43.452186,150,1.14834
1.097044,150,1.527447
-8.360436,150,1.883473
4.109163,150,2.254095
-11.404678,150,2.600092
-13.070494,150,2.940057
-28.744169,150,3.295951
-25.867146,150,3.657212
