#{"t_start": 1599860031.0346026, "env_id": "Reacher2Dof-v0"}
r,l,t
-16.819423,150,1.421456
-19.823436,150,1.789596
-5.45192,150,2.150929
-14.447404,150,2.500829
-11.106837,150,2.856115
-27.6635,150,3.216436
-7.626537,150,3.572156
-14.510467,150,3.918759
