#{"t_start": 1599909132.886679, "env_id": "Reacher2Dof-v0"}
r,l,t
-22.228928,150,1.147665
-14.440961,150,1.526808
-13.080037,150,1.88302
-3.171688,150,2.253426
-30.309833,150,2.599393
-11.560838,150,2.939477
-17.246303,150,3.295249
-18.839167,150,3.656572
