#{"t_start": 1599909132.8877082, "env_id": "Reacher2Dof-v0"}
r,l,t
2.77529,150,1.147036
-47.034031,150,1.52616
-14.834904,150,1.882366
-26.922467,150,2.252804
-6.005456,150,2.598736
-35.743275,150,2.938829
-13.694449,150,3.294623
-22.188271,150,3.655942
