#{"t_start": 1599909132.8886912, "env_id": "Reacher2Dof-v0"}
r,l,t
-25.79718,150,1.146475
-18.478108,150,1.525551
-6.302996,150,1.881753
0.079472,150,2.252228
-15.242409,150,2.598124
-7.830643,150,2.93822
-41.355234,150,3.294012
-6.657441,150,3.655342
