#{"t_start": 1599860031.0365486, "env_id": "Reacher2Dof-v0"}
r,l,t
-13.714826,150,1.420492
-20.515847,150,1.788426
-14.699823,150,2.149763
-4.742643,150,2.499651
-20.410512,150,2.854914
3.729456,150,3.215255
-41.461266,150,3.570968
-0.76182,150,3.918222
