#{"t_start": 1599909132.889674, "env_id": "Reacher2Dof-v0"}
r,l,t
-14.771344,150,1.145896
-1.17564,150,1.525001
-14.570101,150,1.881147
-12.508508,150,2.251727
-2.541932,150,2.597512
-21.208082,150,2.937712
-15.515974,150,3.293402
-8.439571,150,3.654757
