#{"t_start": 1599860031.0375516, "env_id": "Reacher2Dof-v0"}
r,l,t
-32.178303,150,1.420021
-11.625486,150,1.787861
-20.886564,150,2.14914
-18.344938,150,2.499132
-19.635593,150,2.854282
-37.973781,150,3.214795
-16.624407,150,3.570343
-24.739491,150,3.917761
