#{"t_start": 1599860031.0306962, "env_id": "Reacher2Dof-v0"}
r,l,t
-18.152739,150,1.423292
-1.146085,150,1.791731
0.547796,150,2.152971
-21.764389,150,2.503105
-21.560162,150,2.858474
-26.301138,150,3.218459
-12.034674,150,3.574431
-15.76951,150,3.921029
