#{"t_start": 1599860031.031712, "env_id": "Reacher2Dof-v0"}
r,l,t
-2.306923,150,1.422727
0.324848,150,1.79126
-26.319046,150,2.152455
-20.543934,150,2.50257
-6.432368,150,2.857879
-15.878725,150,3.21788
-15.947931,150,3.573846
-30.47137,150,3.92044
