#{"t_start": 1599860031.0355556, "env_id": "Reacher2Dof-v0"}
r,l,t
-7.913952,150,1.420975
-24.240086,150,1.789026
0.094813,150,2.150373
-20.79166,150,2.500256
2.761095,150,2.855535
-14.936438,150,3.215868
-11.042062,150,3.571584
-4.161033,150,3.918499
