#{"t_start": 1599860164.390924, "env_id": "Reacher2Dof-v0"}
r,l,t
1.213026,150,1.217485
9.033761,150,1.57292
-15.05142,150,1.921754
-11.174462,150,2.268556
-24.964098,150,2.597954
-21.045062,150,2.932018
-12.579231,150,3.29169
-10.345172,150,3.624508
