#{"t_start": 1599860164.3919463, "env_id": "Reacher2Dof-v0"}
r,l,t
-11.245889,150,1.217129
-19.188262,150,1.572358
-12.127575,150,1.921189
2.918623,150,2.267947
-12.156876,150,2.597364
-27.69034,150,2.931399
-17.5748,150,3.291118
-7.088758,150,3.623888
