#{"t_start": 1599860164.3929198, "env_id": "Reacher2Dof-v0"}
r,l,t
-22.199479,150,1.216707
12.631232,150,1.571807
-5.029593,150,1.920636
2.647849,150,2.26736
-12.744366,150,2.596994
-19.778796,150,2.930843
-16.911923,150,3.290509
-12.847665,150,3.62334
