#{"t_start": 1599860164.3948462, "env_id": "Reacher2Dof-v0"}
r,l,t
-0.554943,150,1.215867
-28.3879,150,1.57076
-11.023338,150,1.919759
-28.483135,150,2.266175
10.98137,150,2.59582
-20.152922,150,2.929666
-21.800981,150,3.289308
-37.334018,150,3.622134
