#{"t_start": 1599860164.3958051, "env_id": "Reacher2Dof-v0"}
r,l,t
-27.998078,150,1.215447
-34.300687,150,1.570214
-8.993873,150,1.919212
-11.990426,150,2.265584
-25.988907,150,2.595233
-2.46842,150,2.929069
-23.029628,150,3.288708
-22.194788,150,3.621532
