#{"t_start": 1599860203.9836903, "env_id": "Reacher2Dof-v0"}
r,l,t
-6.017894,150,1.325527
-27.392172,150,1.654849
-46.3475,150,1.981705
7.886348,150,2.310684
-24.274913,150,2.634371
-13.092712,150,2.978548
-16.489353,150,3.313318
