#{"t_start": 1599860164.3938835, "env_id": "Reacher2Dof-v0"}
r,l,t
-26.915463,150,1.216285
-14.748956,150,1.571311
-8.385843,150,1.920309
-2.419457,150,2.266768
-27.259021,150,2.596408
-9.210924,150,2.930251
-23.717942,150,3.289904
-20.844126,150,3.622738
