#{"t_start": 1599860164.39773, "env_id": "Reacher2Dof-v0"}
r,l,t
-1.560843,150,1.214581
-15.606125,150,1.569165
-20.552752,150,1.918167
-27.771615,150,2.264491
-27.233917,150,2.594045
-5.813755,150,2.927962
-27.495331,150,3.287497
-19.536605,150,3.620326
