#{"t_start": 1599909231.9127254, "env_id": "Reacher2Dof-v0"}
r,l,t
-5.424689,150,1.255697
-28.85861,150,1.617879
-14.895558,150,1.961276
-24.967448,150,2.312648
-23.168725,150,2.670163
-19.00845,150,3.026777
-13.624373,150,3.399031
-12.388703,150,3.746924
