#{"t_start": 1599860037.9743946, "env_id": "Reacher2Dof-v0"}
r,l,t
12.481407,150,1.271949
0.947395,150,1.634017
-34.902005,150,2.033232
-21.954601,150,2.399274
-19.620675,150,2.748497
-18.695552,150,3.099661
-5.68817,150,3.518508
-7.08359,150,3.861694
