#{"t_start": 1599860037.9764562, "env_id": "Reacher2Dof-v0"}
r,l,t
-47.935424,150,1.270926
-14.846679,150,1.632824
-10.030039,150,2.032729
5.092525,150,2.398026
-23.762183,150,2.747234
-7.219415,150,3.098469
-32.235491,150,3.517305
-10.900118,150,3.860487
