#{"t_start": 1599909231.915012, "env_id": "Reacher2Dof-v0"}
r,l,t
-22.45847,150,1.25455
2.844095,150,1.616399
5.791688,150,1.95979
-4.66326,150,2.311181
6.725457,150,2.668679
-0.740853,150,3.025382
-24.36808,150,3.397681
-16.898425,150,3.745496
