#{"t_start": 1599860037.9774277, "env_id": "Reacher2Dof-v0"}
r,l,t
-23.074849,150,1.270497
-42.945848,150,1.632291
-23.221243,150,2.032783
-2.448819,150,2.397435
-14.821162,150,2.746645
-1.232857,150,3.097879
-21.851777,150,3.516711
-27.347486,150,3.85989
