#{"t_start": 1599909231.916113, "env_id": "Reacher2Dof-v0"}
r,l,t
-21.757573,150,1.253844
-10.012092,150,1.615741
-32.101032,150,1.959269
-8.995894,150,2.310467
-35.269355,150,2.667946
-17.502853,150,3.024661
-22.684084,150,3.396988
-31.990808,150,3.74477
