#{"t_start": 1599860037.978393, "env_id": "Reacher2Dof-v0"}
r,l,t
7.424293,150,1.26993
-33.001022,150,1.631706
-4.657934,150,2.032451
-27.028316,150,2.396853
-23.507517,150,2.746057
-12.472994,150,3.097293
-9.558827,150,3.516122
-18.049654,150,3.859303
