#{"t_start": 1599909231.9172406, "env_id": "Reacher2Dof-v0"}
r,l,t
-14.416473,150,1.253103
-40.021671,150,1.614989
13.046065,150,1.958523
-10.160902,150,2.309721
-3.828656,150,2.667182
-12.715697,150,3.023908
-16.52362,150,3.396269
-13.557524,150,3.744017
