#{"t_start": 1599909231.9185627, "env_id": "Reacher2Dof-v0"}
r,l,t
-15.309616,150,1.25217
-16.532027,150,1.614041
-20.62238,150,1.957577
-5.429293,150,2.308782
-37.103007,150,2.666226
-6.340514,150,3.022963
-14.569197,150,3.395354
-22.778741,150,3.743071
