#{"t_start": 1599909231.9197485, "env_id": "Reacher2Dof-v0"}
r,l,t
-9.054025,150,1.251365
-26.529903,150,1.613281
-17.682313,150,1.956763
-14.287847,150,2.308089
4.530073,150,2.665408
-20.128499,150,3.022256
-15.473995,150,3.394572
-15.144668,150,3.742259
