#{"t_start": 1599909231.9214907, "env_id": "Reacher2Dof-v0"}
r,l,t
-15.845089,150,1.250005
-8.9572,150,1.611914
-18.374908,150,1.955444
-35.276727,150,2.306728
-36.890422,150,2.66403
-3.229194,150,3.020912
-25.12785,150,3.393236
-14.415517,150,3.740892
