#{"t_start": 1599909238.6812541, "env_id": "Reacher2Dof-v0"}
r,l,t
-19.729775,150,2.761545
-15.111183,150,3.092341
-34.535492,150,3.447313
-22.812058,150,3.79552
2.10862,150,4.159977
-15.421867,150,4.519226
-9.19676,150,4.887759
-8.285906,150,5.234987
