#{"t_start": 1599909238.6823926, "env_id": "Reacher2Dof-v0"}
r,l,t
-5.007938,150,2.760812
-39.584969,150,3.091627
-28.235185,150,3.446593
-33.037338,150,3.794798
-25.05395,150,4.159285
-23.409543,150,4.518534
-1.16301,150,4.887095
-7.253903,150,5.234265
