#{"t_start": 1599909238.6834352, "env_id": "Reacher2Dof-v0"}
r,l,t
-29.561857,150,2.760182
6.576432,150,3.09098
2.391709,150,3.445928
-16.624376,150,3.794136
-0.373149,150,4.158641
-44.637266,150,4.517933
-20.556105,150,4.886427
-36.787077,150,5.233755
