#{"t_start": 1599909238.685204, "env_id": "Reacher2Dof-v0"}
r,l,t
-15.991507,150,2.758781
-17.940415,150,3.089639
-7.814086,150,3.444736
-13.45709,150,3.792742
-24.861267,150,4.15728
-3.482818,150,4.516549
-19.093945,150,4.885023
-19.829209,150,5.23235
