#{"t_start": 1599860170.9289343, "env_id": "Reacher2Dof-v0"}
r,l,t
-30.067365,150,2.660831
-36.292581,150,2.988647
-12.34121,150,3.325444
-4.7583,150,3.663085
-29.132449,150,4.000155
-12.979588,150,4.333162
-28.007023,150,4.664819
-25.466584,150,4.991451
