#{"t_start": 1599860170.9298892, "env_id": "Reacher2Dof-v0"}
r,l,t
-27.186328,150,2.660238
-46.726272,150,2.988055
6.260718,150,3.32485
-22.68838,150,3.662501
9.909919,150,3.999562
-11.315964,150,4.332561
-4.126989,150,4.664224
-32.331622,150,4.990848
