#{"t_start": 1599909238.688294, "env_id": "Reacher2Dof-v0"}
r,l,t
-21.635338,150,2.756434
-31.085433,150,3.087309
15.328017,150,3.442389
-21.839261,150,3.7904
-30.317084,150,4.155036
-16.849484,150,4.514217
-46.418443,150,4.882663
-5.243544,150,5.229993
