#{"t_start": 1599860170.9318006, "env_id": "Reacher2Dof-v0"}
r,l,t
-12.372394,150,2.659046
-4.389821,150,2.986917
-10.630639,150,3.323663
-10.19747,150,3.661428
-11.791293,150,3.99837
-20.244305,150,4.331465
-28.334468,150,4.663034
-17.753756,150,4.989641
