#{"t_start": 1599909238.6893115, "env_id": "Reacher2Dof-v0"}
r,l,t
-15.405324,150,2.7558
-18.807278,150,3.08672
-38.816081,150,3.441746
-19.029415,150,3.789858
-22.751859,150,4.154413
-31.308207,150,4.513679
-14.659027,150,4.882011
-21.634711,150,5.229339
