#{"t_start": 1599909238.6903136, "env_id": "Reacher2Dof-v0"}
r,l,t
-8.888938,150,2.755161
5.316553,150,3.086187
-8.01806,150,3.441168
-35.159149,150,3.789229
0.120867,150,4.153796
1.500839,150,4.513056
-32.078365,150,4.881381
-26.728534,150,5.228705
